{"total_births": 30565518.57531254, "last_time": 1729472494.5187562}