{"total_births": 30760679.022285387, "last_time": 1741182121.3371148}