{"total_births": 30642559.455201283, "last_time": 1734094947.312084}