{"total_births": 30747779.72779529, "last_time": 1740408163.667721}