{"total_births": 30689836.51119975, "last_time": 1736931570.6719801}