{"total_births": 30599410.587916736, "last_time": 1731506015.275008}