{"total_births": 30582328.93963209, "last_time": 1730481116.3779252}