{"total_births": 30688408.863480013, "last_time": 1736845911.808792}