{"total_births": 30697132.294189595, "last_time": 1737369317.651371}