{"total_births": 30597062.375180252, "last_time": 1731365122.510808}