{"total_births": 30748888.184692264, "last_time": 1740474671.081541}