{"total_births": 30742189.107931565, "last_time": 1740072726.4767601}