{"total_births": 30591137.750233557, "last_time": 1731009645.014007}