{"total_births": 30752062.886339985, "last_time": 1740665153.180393}