{"total_births": 30730198.416429065, "last_time": 1739353284.985736}