{"total_births": 30730298.803303443, "last_time": 1739359308.1981928}