{"total_births": 30600936.644146573, "last_time": 1731597578.6487958}