{"total_births": 30596280.219135538, "last_time": 1731318193.148126}