{"total_births": 30596375.801040333, "last_time": 1731323928.062413}