{"total_births": 30651366.558900572, "last_time": 1734623373.5340319}