{"total_births": 30599270.66037652, "last_time": 1731497619.622596}