{"total_births": 30617841.310132656, "last_time": 1732611858.607971}