{"total_births": 30733175.73251824, "last_time": 1739531923.9510841}