{"total_births": 30648271.324648682, "last_time": 1734437659.4789262}