{"total_births": 30743345.076513663, "last_time": 1740142084.590821}