{"total_births": 30753424.02595744, "last_time": 1740746821.557439}