{"total_births": 30648859.66213491, "last_time": 1734472959.7280939}