{"total_births": 32667830.496662676, "last_time": 1728572540.275414}