{"total_births": 31841383.84121478, "last_time": 1742297990.472887}