{"total_births": 30617774.482715223, "last_time": 1732607848.962924}