{"total_births": 30600970.822227046, "last_time": 1731599629.3336241}