{"total_births": 30754022.273233946, "last_time": 1740782716.39403}