{"total_births": 30594742.196764093, "last_time": 1731225911.805839}