{"total_births": 30642473.94958425, "last_time": 1734089816.9750578}