{"total_births": 30566361.604024008, "last_time": 1729523076.241441}