{"total_births": 30759054.613741532, "last_time": 1741084656.8244832}