{"total_births": 30757444.07745297, "last_time": 1740988024.6471732}