{"total_births": 31822999.58676721, "last_time": 1741194935.206034}