{"total_births": 30584970.69577136, "last_time": 1730639621.74628}