{"total_births": 31840430.22910367, "last_time": 1742240773.746221}