{"total_births": 30692749.248561285, "last_time": 1737106334.913673}