{"total_births": 30596361.50759155, "last_time": 1731323070.455486}