{"total_births": 30600754.798373625, "last_time": 1731586667.90242}